"Enabled","Włączone"
"Title","Tytuł"
"Minimal order value","Minimalna wartość zamówienia"
"Restrict payment method to specific countries","Ogranicz metodę płatności do wybranych krajów"
"Payment method allowed in countries","Metoda płatności dostępna w krajach"
"Payment settings","Ustawienia płatności"
"Production API key","Klucz API środowiska produkcyjnego"
"Payment text","Tekst płatności"
"Use order reference as external ID","Użyj numeru zamówienia jako zewnętrznego ID"
"When enabled, the order reference number is sent to Comfino instead of the order increment ID.","Gdy włączone, numer referencyjny zamówienia jest wysyłany do Comfino zamiast numerycznego ID zamówienia. Dotyczy tylko nowych zamówień."
"Direct redirect mode","Tryb bezpośredniego przekierowania"
"When enabled, the full paywall offer browser is not displayed. The order is submitted with the default financial product and the customer is redirected directly to the Comfino payment gateway.","Gdy włączony, przeglądarka ofert bramki płatności nie jest wyświetlana. Zamówienie jest składane z domyślnym produktem finansowym, a klient jest przekierowywany bezpośrednio do bramki płatności Comfino."
"Custom paywall CSS style URL","Adres URL niestandardowego stylu CSS bramki płatności"
"URL to a custom CSS file injected into the paywall iframe. Only links from the CDN domain are allowed.","Adres URL niestandardowego pliku CSS wstrzykiwanego do iframe bramki płatności. Dozwolone są tylko linki z domeny CDN."
"Sale settings","Ustawienia sprzedaży"
"Rules for the availability of financial products","Reguły dostępności produktów finansowych"
"Installment term limits","Ograniczenia dotyczące okresu spłaty"
"Product categories","Kategorie produktów"
"Widget settings","Ustawienia widgetu"
"Basic settings","Ustawienia podstawowe"
"Widget is active?","Widget włączony?"
"Widget key","Klucz widgetu"
"Widget type","Typ widgetu"
"Offer types","Typy ofert"
"Show logos of financial services providers","Pokaż loga dostawców usług finansowych"
"Advanced settings","Ustawienia zaawansowane"
"Widget price element selector","Selektor elementu ceny widgetu"
"Widget price element attribute","Atrybut elementu ceny widgetu"
"Attribute of the price element holding the numeric price (e.g., data-price-amount). Takes priority over the element's text, avoiding a race with themes that render the price text asynchronously.","Atrybut elementu ceny zawierający liczbową wartość ceny (np. data-price-amount). Ma priorytet nad tekstem elementu, co pozwala uniknąć sytuacji wyścigu w motywach renderujących tekst ceny asynchronicznie."
"Widget anchor element selector","Selektor elementu zakotwiczenia widgetu"
"Price change detection - container selector","Wykrywanie zmian ceny - selektor kontenera"
"Selector of observed parent element which contains price element.","Selektor obserwowanego elementu nadrzędnego, który zawiera element ceny."
"Price change detection - container hierarchy level","Wykrywanie zmian ceny - poziom hierarchii kontenera"
"Hierarchy level of observed parent element relative to the price element.","Poziom hierarchii obserwowanego elementu nadrzędnego względem elementu ceny."
"Embedding method","Metoda osadzania"
"Custom banner CSS style URL","Niestandardowy styl CSS banera"
"URL to a custom CSS file overriding the banner widget styles.","Adres URL niestandardowego stylu banera. Dozwolone są tylko linki z domeny sklepu."
"Custom calculator CSS style URL","Niestandardowy styl CSS kalkulatora"
"URL to a custom CSS file overriding the calculator widget styles.","Adres URL niestandardowego stylu kalkulatora. Dozwolone są tylko linki z domeny sklepu."
"Widget initialization code","Kod inicjalizacji widgetu"
"Developer settings","Ustawienia deweloperskie"
"Use test environment","Użyj środowiska testowego"
"Test environment API key","Klucz API środowiska testowego"
"Debug mode","Tryb debugowania"
"When enabled, all API requests and responses are written to the debug log.","Gdy włączony, wszystkie żądania i odpowiedzi API są zapisywane do logu debugowania."
"Service mode","Tryb serwisowy"
"When enabled, the Comfino payment method is visible only for sessions with an active COMFINO_SERVICE_SESSION cookie.","Gdy włączony, metoda płatności Comfino jest widoczna tylko dla sesji z aktywnym ciasteczkiem COMFINO_SERVICE_SESSION."
"Use development environment variables","Użyj zmiennych środowiska deweloperskiego"
"Use of development environment variables with custom hosts which overwrite hosts stored in the plugin.","Wykorzystanie zmiennych środowiska deweloperskiego z niestandardowymi hostami, które nadpisują hosty przechowywane we wtyczce."
"Plugin diagnostics","Diagnostyka wtyczki"
"Field ""%1"" can not be empty.","Pole ""%1"" nie może być puste."
"Field ""%1"" has wrong numeric format.","Pole ""%1"" ma nieprawidłowy format numeryczny."
"API key %1 is not valid.","Klucz API %1 jest nieprawidłowy."
"Custom CSS URL ""%1"" is not valid.","Niestandardowy adres URL CSS ""%1"" jest nieprawidłowy."
"Custom CSS URL ""%1"" is not absolute.","Niestandardowy adres URL CSS ""%1"" nie jest absolutny."
"Settings updated.","Ustawienia zaktualizowane."
"Settings not updated.","Ustawienia nie zostały zaktualizowane."
"System information","Informacje o systemie"
"Comfino API host","Host API Comfino"
"Plugin build time","Czas kompilacji wtyczki"
"Shop domain","Domena sklepu"
"Plugin dev-debug mode","Tryb dev-debug wtyczki"
"active","aktywny"
"inactive","nieaktywny"
"Environment variables","Zmienne środowiskowe"
"Internal configuration","Konfiguracja wewnętrzna"
"Developer mode is active. You are using test environment.","Tryb deweloperski jest aktywny. Używasz środowiska testowego."
"Production mode is active.","Tryb produkcyjny jest aktywny."
"Production API key not present.","Brak produkcyjnego klucza API."
"Test API key not present.","Brak testowego klucza API."
"Invalid production API key.","Produkcyjny klucz API jest nieprawidłowy."
"Invalid test API key.","Testowy klucz API jest nieprawidłowy."
"Production account is active.","Konto produkcyjne jest aktywne."
"Production account is not active.","Konto produkcyjne jest nieaktywne."
"Test account is active.","Konto testowe jest aktywne."
"Test account is not active.","Konto testowe jest nieaktywne."
"Errors log","Log błędów"
"Clear errors log","Wyczyść log błędów"
"Debug log","Log trybu debugowania"
"Clear debug log","Wyczyść log debugowania"
"Are you sure you want to clear the log?","Czy na pewno chcesz wyczyścić log?"
"No financial product types available. Please check your API key configuration.","Brak dostępnych typów produktów finansowych. Sprawdź konfigurację klucza API."
"Unsuccessful attempt to open the application. Please try again later.","Nieudana próba otwarcia wniosku. Spróbuj ponownie za chwilę i powinno się udać!"
"Unsuccessful attempt to open the application. Communication error with Comfino API.","Nieudana próba otwarcia wniosku. Błąd komunikacji z API Comfino."
"Invalid customer e-mail address. Please check your account contact data.","Nieprawidłowy adres e-mail klienta. Sprawdź dane kontaktowe konta."
"Phone number is required. Please add a phone number to your billing or delivery address.","Numer telefonu jest wymagany. Dodaj numer telefonu do adresu rozliczeniowego lub dostawy."
"First name is required.","Imię jest wymagane."
"Last name is required.","Nazwisko jest wymagane."
"Delivery address is required.","Adres dostawy jest wymagany."
"City is required.","Miejscowość jest wymagana."
"Postal code is required.","Kod pocztowy jest wymagany."
"Cart is empty. Please add products to your cart.","Koszyk jest pusty. Dodaj produkty do koszyka."
"Cart total amount must be greater than zero.","Łączna kwota koszyka musi być większa niż zero."
"Order submitted to Comfino - waiting for payment.","Zamówienie przekazane do Comfino — oczekiwanie na płatność."
"Order created — waiting for payment (Comfino)","Zamówienie utworzone — oczekiwanie na płatność (Comfino)"
"Credit granted (Comfino)","Kredyt udzielony (Comfino)"
"Credit rejected (Comfino)","Wniosek kredytowy odrzucony (Comfino)"
"Resigned (Comfino)","Odstąpiono (Comfino)"
"Cancelled by shop (Comfino)","Anulowano przez sklep (Comfino)"
"Cancelled (Comfino)","Anulowano (Comfino)"
"Go to payment","Przejdź do płatności"
"Please select a financial product type in the payment form before placing the order.","Wybierz typ produktu finansowego w formularzu płatności przed złożeniem zamówienia."
"Communication error with Comfino API.","Błąd komunikacji z API Comfino."
"Order automatically canceled — Comfino application could not be created. Reason: %1","Zamówienie zostało automatycznie anulowane — nie udało się utworzyć wniosku Comfino. Powód: %1"
"New Comfino %1 module version is available. You are using %2 version. Please update your Comfino module.","Nowa wersja modułu Comfino %1 jest dostępna. Używasz wersji %2. Zaktualizuj moduł Comfino."
"Comfino Hyvä Checkout compatibility extension: %1","Rozszerzenie kompatybilności Comfino z Hyvä Checkout: %1"
"Comfino Hyvä Checkout compatibility extension","Rozszerzenie kompatybilności Comfino z Hyvä Checkout"
"installed","zainstalowana"
"version","wersja"
"not installed","niezainstalowana"
